"","y_VideoQuality","x1_ISO","x2_FRatio","x3_TIME","x4_MP","x5_CROP","x6_FOCAL","x7_PixDensity"
"y_VideoQuality",NA,4.88798887188224e-06,2.13537777593586e-06,0.00730026973500619,0.427297417326637,0.000115611442592201,0.687576438379988,0.979198867924553
"x1_ISO",4.88798887188224e-06,NA,0.682542317312305,0.469563495859143,0.341811704736665,0.795751758166881,0.616517043820637,0.745496823006768
"x2_FRatio",2.13537777593586e-06,0.682542317312305,NA,0.859675926682187,0.0313321515488001,0.511605275700285,0.799750873553371,0.00907665875959474
"x3_TIME",0.00730026973500619,0.469563495859143,0.859675926682187,NA,0.0743686646483916,0.846906995022268,0.601030104717344,0.263510778760763
"x4_MP",0.427297417326637,0.341811704736665,0.0313321515488001,0.0743686646483916,NA,0.14671594185382,0.618630127376854,0
"x5_CROP",0.000115611442592201,0.795751758166881,0.511605275700285,0.846906995022268,0.14671594185382,NA,0.131869745420046,0.136175031535813
"x6_FOCAL",0.687576438379988,0.616517043820637,0.799750873553371,0.601030104717344,0.618630127376854,0.131869745420046,NA,0.909990957444612
"x7_PixDensity",0.979198867924553,0.745496823006768,0.00907665875959474,0.263510778760763,0,0.136175031535813,0.909990957444612,NA
